dst,src,id,type,status
,50257864748696071111545604552366529653683846146637534008155069048676665739852,107226767459581317767844583912817849269583998434099643520621297707898981728768,1,MSG_PUT,receive
,53419674511685754302540162400396459817063132523141097549792039196438525535419,107226767459581317767844583912817849269583998434099643520621297707898981728768,2,MSG_FIND_DIST,receive
,52650371567150852017918632267483616888403576496075921191124939178632538837825,107226767459581317767844583912817849269583998434099643520621297707898981728768,3,MSG_FIND_DIST,receive
,53419674511685754302540162400396459817063132523141097549792039196438525535419,53419674511685754302540162400396459817063132523141097549792039196438525535419,4,MSG_RESPONSE,receive
,52650371567150852017918632267483616888403576496075921191124939178632538837825,52650371567150852017918632267483616888403576496075921191124939178632538837825,5,MSG_RESPONSE,receive
,50624224905935046284280632570062171400083693191267718494135709787318191402780,107226767459581317767844583912817849269583998434099643520621297707898981728768,6,MSG_PUT,receive
,45181904661908718455410778292134478731360323933496910893633573989877944433026,107226767459581317767844583912817849269583998434099643520621297707898981728768,7,MSG_PUT,receive
,45542020764775640644043013206961877539493218695272498323305395006595314651985,107226767459581317767844583912817849269583998434099643520621297707898981728768,8,MSG_PUT,receive
,32116026471989151009578357604780935852283776142591987954357274048575843047302,107226767459581317767844583912817849269583998434099643520621297707898981728768,9,MSG_PUT,receive
,50257864748696071111545604552366529653683846146637534008155069048676665739852,79993537289510517617727051112637658078058749620127994120933006366663706350461,400,MSG_GET,receive
,16646573879907590399509196024616451507181138714942166530960518507274707557048,79993537289510517617727051112637658078058749620127994120933006366663706350461,401,MSG_GET,receive
,50624224905935046284280632570062171400083693191267718494135709787318191402780,79993537289510517617727051112637658078058749620127994120933006366663706350461,402,MSG_GET,receive
,45181904661908718455410778292134478731360323933496910893633573989877944433026,79993537289510517617727051112637658078058749620127994120933006366663706350461,403,MSG_GET,receive
,32116026471989151009578357604780935852283776142591987954357274048575843047302,79993537289510517617727051112637658078058749620127994120933006366663706350461,404,MSG_GET,receive
,45542020764775640644043013206961877539493218695272498323305395006595314651985,79993537289510517617727051112637658078058749620127994120933006366663706350461,405,MSG_GET,receive
,43568084745305296127223125163439810702938064612217787378858319248651442968139,79993537289510517617727051112637658078058749620127994120933006366663706350461,406,MSG_GET,receive
,29962974551556264107139565618776234242877499069272742507795436497718761004129,79993537289510517617727051112637658078058749620127994120933006366663706350461,407,MSG_GET,receive
,31783015179489967560239444859659910659306992864071359414512705489668604703546,79993537289510517617727051112637658078058749620127994120933006366663706350461,408,MSG_GET,receive
,52650371567150852017918632267483616888403576496075921191124939178632538837825,79993537289510517617727051112637658078058749620127994120933006366663706350461,409,MSG_GET,receive
,36093602753225695073056342998991212823352056071849651795082108548812171441038,79993537289510517617727051112637658078058749620127994120933006366663706350461,410,MSG_GET,receive
,53136523427784306876104111926216060684054468193485696935130628656115512322012,79993537289510517617727051112637658078058749620127994120933006366663706350461,411,MSG_GET,receive
,56559387814334441412492971762632785811474826849429050294240973483603606408466,79993537289510517617727051112637658078058749620127994120933006366663706350461,412,MSG_GET,receive
,53361331161743896077078469861579638670051149682413463443234311020456303226868,79993537289510517617727051112637658078058749620127994120933006366663706350461,413,MSG_GET,receive
,38418340655382688823720733462922658279373288790663591115478075961271636980803,79993537289510517617727051112637658078058749620127994120933006366663706350461,414,MSG_GET,receive
,48121687976714306096688386195195848836439715862380011548457932545876468136739,79993537289510517617727051112637658078058749620127994120933006366663706350461,415,MSG_GET,receive
,50257864748696071111545604552366529653683846146637534008155069048676665739852,79993537289510517617727051112637658078058749620127994120933006366663706350461,416,MSG_GET,receive
,53419674511685754302540162400396459817063132523141097549792039196438525535419,79993537289510517617727051112637658078058749620127994120933006366663706350461,417,MSG_GET,receive
,45181904661908718455410778292134478731360323933496910893633573989877944433026,63290895275042962269129061379389938533282329774752739751401285668929772662851,419,MSG_GET,receive
,45542020764775640644043013206961877539493218695272498323305395006595314651985,63290895275042962269129061379389938533282329774752739751401285668929772662851,420,MSG_FIND_DIST,receive
,48121687976714306096688386195195848836439715862380011548457932545876468136739,65531265861602645054365044404976138351675371044965631563164901232683307247097,300,MSG_GET,receive
,53361331161743896077078469861579638670051149682413463443234311020456303226868,63290895275042962269129061379389938533282329774752739751401285668929772662851,421,MSG_FIND_DIST,receive
,33748437612422773219378968224765130741693226654183676333640231977266549442093,65531265861602645054365044404976138351675371044965631563164901232683307247097,301,MSG_GET,receive
,45542020764775640644043013206961877539493218695272498323305395006595314651985,45542020764775640644043013206961877539493218695272498323305395006595314651985,422,MSG_RESPONSE,receive
,50257864748696071111545604552366529653683846146637534008155069048676665739852,65531265861602645054365044404976138351675371044965631563164901232683307247097,302,MSG_GET,receive
,53361331161743896077078469861579638670051149682413463443234311020456303226868,53361331161743896077078469861579638670051149682413463443234311020456303226868,423,MSG_RESPONSE,receive
,53419674511685754302540162400396459817063132523141097549792039196438525535419,65531265861602645054365044404976138351675371044965631563164901232683307247097,303,MSG_GET,receive
,50624224905935046284280632570062171400083693191267718494135709787318191402780,63290895275042962269129061379389938533282329774752739751401285668929772662851,424,MSG_GET,receive
,45181904661908718455410778292134478731360323933496910893633573989877944433026,63290895275042962269129061379389938533282329774752739751401285668929772662851,425,MSG_GET,receive
,45181904661908718455410778292134478731360323933496910893633573989877944433026,53419674511685754302540162400396459817063132523141097549792039196438525535419,305,MSG_GET,receive
,32116026471989151009578357604780935852283776142591987954357274048575843047302,63290895275042962269129061379389938533282329774752739751401285668929772662851,426,MSG_GET,receive
,45542020764775640644043013206961877539493218695272498323305395006595314651985,53419674511685754302540162400396459817063132523141097549792039196438525535419,306,MSG_FIND_DIST,receive
,45542020764775640644043013206961877539493218695272498323305395006595314651985,63290895275042962269129061379389938533282329774752739751401285668929772662851,427,MSG_GET,receive
,48121687976714306096688386195195848836439715862380011548457932545876468136739,53419674511685754302540162400396459817063132523141097549792039196438525535419,307,MSG_FIND_DIST,receive
,29962974551556264107139565618776234242877499069272742507795436497718761004129,63290895275042962269129061379389938533282329774752739751401285668929772662851,428,MSG_GET,receive
,48121687976714306096688386195195848836439715862380011548457932545876468136739,48121687976714306096688386195195848836439715862380011548457932545876468136739,308,MSG_RESPONSE,receive
,31783015179489967560239444859659910659306992864071359414512705489668604703546,63290895275042962269129061379389938533282329774752739751401285668929772662851,429,MSG_GET,receive
,45542020764775640644043013206961877539493218695272498323305395006595314651985,45542020764775640644043013206961877539493218695272498323305395006595314651985,309,MSG_RESPONSE,receive
,36093602753225695073056342998991212823352056071849651795082108548812171441038,63290895275042962269129061379389938533282329774752739751401285668929772662851,430,MSG_GET,receive
,50624224905935046284280632570062171400083693191267718494135709787318191402780,53419674511685754302540162400396459817063132523141097549792039196438525535419,310,MSG_GET,receive
,30785878097002911169928081224865046996305996365267590437657074154186957111437,63290895275042962269129061379389938533282329774752739751401285668929772662851,431,MSG_GET,receive
,45181904661908718455410778292134478731360323933496910893633573989877944433026,53419674511685754302540162400396459817063132523141097549792039196438525535419,311,MSG_GET,receive
,53361331161743896077078469861579638670051149682413463443234311020456303226868,63290895275042962269129061379389938533282329774752739751401285668929772662851,432,MSG_GET,receive
,32116026471989151009578357604780935852283776142591987954357274048575843047302,53419674511685754302540162400396459817063132523141097549792039196438525535419,312,MSG_GET,receive
,56559387814334441412492971762632785811474826849429050294240973483603606408466,63290895275042962269129061379389938533282329774752739751401285668929772662851,433,MSG_GET,receive
,45542020764775640644043013206961877539493218695272498323305395006595314651985,53419674511685754302540162400396459817063132523141097549792039196438525535419,313,MSG_GET,receive
,29308574970721985869976997856287738428258479188150243391593906286368022866842,63290895275042962269129061379389938533282329774752739751401285668929772662851,434,MSG_GET,receive
,29962974551556264107139565618776234242877499069272742507795436497718761004129,53419674511685754302540162400396459817063132523141097549792039196438525535419,314,MSG_GET,receive
,38418340655382688823720733462922658279373288790663591115478075961271636980803,63290895275042962269129061379389938533282329774752739751401285668929772662851,435,MSG_GET,receive
,31783015179489967560239444859659910659306992864071359414512705489668604703546,53419674511685754302540162400396459817063132523141097549792039196438525535419,315,MSG_GET,receive
,41981545854787609518927248687246148542318663971136116143294042908482595926591,63290895275042962269129061379389938533282329774752739751401285668929772662851,436,MSG_GET,receive
,52650371567150852017918632267483616888403576496075921191124939178632538837825,53419674511685754302540162400396459817063132523141097549792039196438525535419,316,MSG_GET,receive
,48121687976714306096688386195195848836439715862380011548457932545876468136739,63290895275042962269129061379389938533282329774752739751401285668929772662851,437,MSG_GET,receive
,30785878097002911169928081224865046996305996365267590437657074154186957111437,53419674511685754302540162400396459817063132523141097549792039196438525535419,317,MSG_GET,receive
,33748437612422773219378968224765130741693226654183676333640231977266549442093,63290895275042962269129061379389938533282329774752739751401285668929772662851,438,MSG_GET,receive
,53136523427784306876104111926216060684054468193485696935130628656115512322012,53419674511685754302540162400396459817063132523141097549792039196438525535419,318,MSG_GET,receive
,50257864748696071111545604552366529653683846146637534008155069048676665739852,63290895275042962269129061379389938533282329774752739751401285668929772662851,439,MSG_GET,receive
,56559387814334441412492971762632785811474826849429050294240973483603606408466,53419674511685754302540162400396459817063132523141097549792039196438525535419,319,MSG_GET,receive
,50624224905935046284280632570062171400083693191267718494135709787318191402780,63290895275042962269129061379389938533282329774752739751401285668929772662851,440,MSG_GET,receive
,53361331161743896077078469861579638670051149682413463443234311020456303226868,53419674511685754302540162400396459817063132523141097549792039196438525535419,320,MSG_GET,receive
,45181904661908718455410778292134478731360323933496910893633573989877944433026,63290895275042962269129061379389938533282329774752739751401285668929772662851,441,MSG_GET,receive
,43568084745305296127223125163439810702938064612217787378858319248651442968139,70421789635389047983695523996575154748247230649218127786954559401465316856585,200,MSG_GET,receive
,34193150309944160930984138949035905471541865820819119492245752871851783559564,53419674511685754302540162400396459817063132523141097549792039196438525535419,321,MSG_GET,receive
,32116026471989151009578357604780935852283776142591987954357274048575843047302,63290895275042962269129061379389938533282329774752739751401285668929772662851,442,MSG_GET,receive
,52650371567150852017918632267483616888403576496075921191124939178632538837825,70421789635389047983695523996575154748247230649218127786954559401465316856585,201,MSG_GET,receive
,33748437612422773219378968224765130741693226654183676333640231977266549442093,53419674511685754302540162400396459817063132523141097549792039196438525535419,322,MSG_GET,receive
,45542020764775640644043013206961877539493218695272498323305395006595314651985,63290895275042962269129061379389938533282329774752739751401285668929772662851,443,MSG_GET,receive
,30785878097002911169928081224865046996305996365267590437657074154186957111437,70421789635389047983695523996575154748247230649218127786954559401465316856585,202,MSG_GET,receive
,48121687976714306096688386195195848836439715862380011548457932545876468136739,53419674511685754302540162400396459817063132523141097549792039196438525535419,323,MSG_GET,receive
,29962974551556264107139565618776234242877499069272742507795436497718761004129,63290895275042962269129061379389938533282329774752739751401285668929772662851,444,MSG_GET,receive
,53136523427784306876104111926216060684054468193485696935130628656115512322012,70421789635389047983695523996575154748247230649218127786954559401465316856585,203,MSG_GET,receive
,53419674511685754302540162400396459817063132523141097549792039196438525535419,53419674511685754302540162400396459817063132523141097549792039196438525535419,324,MSG_GET,receive
,31783015179489967560239444859659910659306992864071359414512705489668604703546,63290895275042962269129061379389938533282329774752739751401285668929772662851,445,MSG_GET,receive
,56559387814334441412492971762632785811474826849429050294240973483603606408466,70421789635389047983695523996575154748247230649218127786954559401465316856585,204,MSG_GET,receive
,50257864748696071111545604552366529653683846146637534008155069048676665739852,53419674511685754302540162400396459817063132523141097549792039196438525535419,325,MSG_GET,receive
,36093602753225695073056342998991212823352056071849651795082108548812171441038,63290895275042962269129061379389938533282329774752739751401285668929772662851,446,MSG_GET,receive
,53361331161743896077078469861579638670051149682413463443234311020456303226868,70421789635389047983695523996575154748247230649218127786954559401465316856585,205,MSG_GET,receive
,50624224905935046284280632570062171400083693191267718494135709787318191402780,53419674511685754302540162400396459817063132523141097549792039196438525535419,326,MSG_GET,receive
,30785878097002911169928081224865046996305996365267590437657074154186957111437,63290895275042962269129061379389938533282329774752739751401285668929772662851,447,MSG_GET,receive
,29308574970721985869976997856287738428258479188150243391593906286368022866842,70421789635389047983695523996575154748247230649218127786954559401465316856585,206,MSG_GET,receive
,45181904661908718455410778292134478731360323933496910893633573989877944433026,53419674511685754302540162400396459817063132523141097549792039196438525535419,327,MSG_GET,receive
,53361331161743896077078469861579638670051149682413463443234311020456303226868,63290895275042962269129061379389938533282329774752739751401285668929772662851,448,MSG_GET,receive
,38418340655382688823720733462922658279373288790663591115478075961271636980803,70421789635389047983695523996575154748247230649218127786954559401465316856585,207,MSG_GET,receive
,32116026471989151009578357604780935852283776142591987954357274048575843047302,53419674511685754302540162400396459817063132523141097549792039196438525535419,328,MSG_GET,receive
,56559387814334441412492971762632785811474826849429050294240973483603606408466,63290895275042962269129061379389938533282329774752739751401285668929772662851,449,MSG_GET,receive
,41981545854787609518927248687246148542318663971136116143294042908482595926591,70421789635389047983695523996575154748247230649218127786954559401465316856585,208,MSG_GET,receive
,45542020764775640644043013206961877539493218695272498323305395006595314651985,53419674511685754302540162400396459817063132523141097549792039196438525535419,329,MSG_GET,receive
,48121687976714306096688386195195848836439715862380011548457932545876468136739,70421789635389047983695523996575154748247230649218127786954559401465316856585,209,MSG_GET,receive
,29308574970721985869976997856287738428258479188150243391593906286368022866842,63290895275042962269129061379389938533282329774752739751401285668929772662851,450,MSG_GET,receive
,29962974551556264107139565618776234242877499069272742507795436497718761004129,53419674511685754302540162400396459817063132523141097549792039196438525535419,330,MSG_GET,receive
,38418340655382688823720733462922658279373288790663591115478075961271636980803,63290895275042962269129061379389938533282329774752739751401285668929772662851,451,MSG_GET,receive
,50257864748696071111545604552366529653683846146637534008155069048676665739852,70421789635389047983695523996575154748247230649218127786954559401465316856585,210,MSG_GET,receive
,31783015179489967560239444859659910659306992864071359414512705489668604703546,53419674511685754302540162400396459817063132523141097549792039196438525535419,331,MSG_GET,receive
,41981545854787609518927248687246148542318663971136116143294042908482595926591,63290895275042962269129061379389938533282329774752739751401285668929772662851,452,MSG_GET,receive
,53419674511685754302540162400396459817063132523141097549792039196438525535419,70421789635389047983695523996575154748247230649218127786954559401465316856585,211,MSG_GET,receive
,52650371567150852017918632267483616888403576496075921191124939178632538837825,53419674511685754302540162400396459817063132523141097549792039196438525535419,332,MSG_GET,receive
,48121687976714306096688386195195848836439715862380011548457932545876468136739,63290895275042962269129061379389938533282329774752739751401285668929772662851,453,MSG_GET,receive
,50624224905935046284280632570062171400083693191267718494135709787318191402780,70421789635389047983695523996575154748247230649218127786954559401465316856585,212,MSG_GET,receive
,30785878097002911169928081224865046996305996365267590437657074154186957111437,53419674511685754302540162400396459817063132523141097549792039196438525535419,333,MSG_GET,receive
,33748437612422773219378968224765130741693226654183676333640231977266549442093,63290895275042962269129061379389938533282329774752739751401285668929772662851,454,MSG_GET,receive
,45181904661908718455410778292134478731360323933496910893633573989877944433026,70421789635389047983695523996575154748247230649218127786954559401465316856585,213,MSG_GET,receive
,53136523427784306876104111926216060684054468193485696935130628656115512322012,53419674511685754302540162400396459817063132523141097549792039196438525535419,334,MSG_GET,receive
,50257864748696071111545604552366529653683846146637534008155069048676665739852,63290895275042962269129061379389938533282329774752739751401285668929772662851,455,MSG_GET,receive
,45542020764775640644043013206961877539493218695272498323305395006595314651985,70421789635389047983695523996575154748247230649218127786954559401465316856585,214,MSG_GET,receive
,56559387814334441412492971762632785811474826849429050294240973483603606408466,53419674511685754302540162400396459817063132523141097549792039196438525535419,335,MSG_GET,receive
,32116026471989151009578357604780935852283776142591987954357274048575843047302,70421789635389047983695523996575154748247230649218127786954559401465316856585,215,MSG_GET,receive
,53361331161743896077078469861579638670051149682413463443234311020456303226868,53419674511685754302540162400396459817063132523141097549792039196438525535419,336,MSG_GET,receive
,43568084745305296127223125163439810702938064612217787378858319248651442968139,70421789635389047983695523996575154748247230649218127786954559401465316856585,216,MSG_GET,receive
,34193150309944160930984138949035905471541865820819119492245752871851783559564,53419674511685754302540162400396459817063132523141097549792039196438525535419,337,MSG_GET,receive
,31783015179489967560239444859659910659306992864071359414512705489668604703546,70421789635389047983695523996575154748247230649218127786954559401465316856585,217,MSG_GET,receive
,33748437612422773219378968224765130741693226654183676333640231977266549442093,53419674511685754302540162400396459817063132523141097549792039196438525535419,338,MSG_GET,receive
,52650371567150852017918632267483616888403576496075921191124939178632538837825,70421789635389047983695523996575154748247230649218127786954559401465316856585,218,MSG_GET,receive
,48121687976714306096688386195195848836439715862380011548457932545876468136739,53419674511685754302540162400396459817063132523141097549792039196438525535419,339,MSG_GET,receive
,30785878097002911169928081224865046996305996365267590437657074154186957111437,70421789635389047983695523996575154748247230649218127786954559401465316856585,219,MSG_GET,receive
,53419674511685754302540162400396459817063132523141097549792039196438525535419,53419674511685754302540162400396459817063132523141097549792039196438525535419,340,MSG_GET,receive
,53136523427784306876104111926216060684054468193485696935130628656115512322012,70421789635389047983695523996575154748247230649218127786954559401465316856585,220,MSG_GET,receive
,50257864748696071111545604552366529653683846146637534008155069048676665739852,53419674511685754302540162400396459817063132523141097549792039196438525535419,341,MSG_GET,receive
,45542020764775640644043013206961877539493218695272498323305395006595314651985,97396465113567783387408698507103276241308442107028419582667549023377488742385,100,MSG_GET,receive
,56559387814334441412492971762632785811474826849429050294240973483603606408466,70421789635389047983695523996575154748247230649218127786954559401465316856585,221,MSG_GET,receive
,43568084745305296127223125163439810702938064612217787378858319248651442968139,97396465113567783387408698507103276241308442107028419582667549023377488742385,101,MSG_GET,receive
,53361331161743896077078469861579638670051149682413463443234311020456303226868,70421789635389047983695523996575154748247230649218127786954559401465316856585,222,MSG_GET,receive
,43568084745305296127223125163439810702938064612217787378858319248651442968139,6842850380191459018205941524238530656413658729157723726603175504249655620495,343,MSG_GET,receive
,29962974551556264107139565618776234242877499069272742507795436497718761004129,97396465113567783387408698507103276241308442107028419582667549023377488742385,102,MSG_GET,receive
,29308574970721985869976997856287738428258479188150243391593906286368022866842,70421789635389047983695523996575154748247230649218127786954559401465316856585,223,MSG_GET,receive
,50257864748696071111545604552366529653683846146637534008155069048676665739852,6842850380191459018205941524238530656413658729157723726603175504249655620495,344,MSG_FIND_DIST,receive
,31783015179489967560239444859659910659306992864071359414512705489668604703546,97396465113567783387408698507103276241308442107028419582667549023377488742385,103,MSG_GET,receive
,48121687976714306096688386195195848836439715862380011548457932545876468136739,70421789635389047983695523996575154748247230649218127786954559401465316856585,224,MSG_GET,receive
,53419674511685754302540162400396459817063132523141097549792039196438525535419,6842850380191459018205941524238530656413658729157723726603175504249655620495,345,MSG_FIND_DIST,receive
,52650371567150852017918632267483616888403576496075921191124939178632538837825,97396465113567783387408698507103276241308442107028419582667549023377488742385,104,MSG_GET,receive
,33748437612422773219378968224765130741693226654183676333640231977266549442093,70421789635389047983695523996575154748247230649218127786954559401465316856585,225,MSG_GET,receive
,53419674511685754302540162400396459817063132523141097549792039196438525535419,53419674511685754302540162400396459817063132523141097549792039196438525535419,346,MSG_RESPONSE,receive
,53136523427784306876104111926216060684054468193485696935130628656115512322012,97396465113567783387408698507103276241308442107028419582667549023377488742385,105,MSG_GET,receive
,50257864748696071111545604552366529653683846146637534008155069048676665739852,70421789635389047983695523996575154748247230649218127786954559401465316856585,226,MSG_GET,receive
,50257864748696071111545604552366529653683846146637534008155069048676665739852,50257864748696071111545604552366529653683846146637534008155069048676665739852,347,MSG_RESPONSE,receive
,53361331161743896077078469861579638670051149682413463443234311020456303226868,97396465113567783387408698507103276241308442107028419582667549023377488742385,106,MSG_GET,receive
,53419674511685754302540162400396459817063132523141097549792039196438525535419,70421789635389047983695523996575154748247230649218127786954559401465316856585,227,MSG_GET,receive
,50624224905935046284280632570062171400083693191267718494135709787318191402780,6842850380191459018205941524238530656413658729157723726603175504249655620495,348,MSG_GET,receive
,56559387814334441412492971762632785811474826849429050294240973483603606408466,97396465113567783387408698507103276241308442107028419582667549023377488742385,107,MSG_GET,receive
,45181904661908718455410778292134478731360323933496910893633573989877944433026,6842850380191459018205941524238530656413658729157723726603175504249655620495,349,MSG_GET,receive
,29308574970721985869976997856287738428258479188150243391593906286368022866842,97396465113567783387408698507103276241308442107028419582667549023377488742385,108,MSG_GET,receive
,45181904661908718455410778292134478731360323933496910893633573989877944433026,16646573879907590399509196024616451507181138714942166530960518507274707557048,229,MSG_GET,receive
,38418340655382688823720733462922658279373288790663591115478075961271636980803,97396465113567783387408698507103276241308442107028419582667549023377488742385,109,MSG_GET,receive
,32116026471989151009578357604780935852283776142591987954357274048575843047302,6842850380191459018205941524238530656413658729157723726603175504249655620495,350,MSG_GET,receive
,48121687976714306096688386195195848836439715862380011548457932545876468136739,16646573879907590399509196024616451507181138714942166530960518507274707557048,230,MSG_FIND_DIST,receive
,45542020764775640644043013206961877539493218695272498323305395006595314651985,6842850380191459018205941524238530656413658729157723726603175504249655620495,351,MSG_GET,receive
,48121687976714306096688386195195848836439715862380011548457932545876468136739,97396465113567783387408698507103276241308442107028419582667549023377488742385,110,MSG_GET,receive
,50257864748696071111545604552366529653683846146637534008155069048676665739852,16646573879907590399509196024616451507181138714942166530960518507274707557048,231,MSG_FIND_DIST,receive
,43568084745305296127223125163439810702938064612217787378858319248651442968139,6842850380191459018205941524238530656413658729157723726603175504249655620495,352,MSG_GET,receive
,53419674511685754302540162400396459817063132523141097549792039196438525535419,97396465113567783387408698507103276241308442107028419582667549023377488742385,111,MSG_GET,receive
,50257864748696071111545604552366529653683846146637534008155069048676665739852,50257864748696071111545604552366529653683846146637534008155069048676665739852,232,MSG_RESPONSE,receive
,29962974551556264107139565618776234242877499069272742507795436497718761004129,6842850380191459018205941524238530656413658729157723726603175504249655620495,353,MSG_GET,receive
,50257864748696071111545604552366529653683846146637534008155069048676665739852,97396465113567783387408698507103276241308442107028419582667549023377488742385,112,MSG_GET,receive
,48121687976714306096688386195195848836439715862380011548457932545876468136739,48121687976714306096688386195195848836439715862380011548457932545876468136739,233,MSG_RESPONSE,receive
,31783015179489967560239444859659910659306992864071359414512705489668604703546,6842850380191459018205941524238530656413658729157723726603175504249655620495,354,MSG_GET,receive
,16646573879907590399509196024616451507181138714942166530960518507274707557048,97396465113567783387408698507103276241308442107028419582667549023377488742385,113,MSG_GET,receive
,50624224905935046284280632570062171400083693191267718494135709787318191402780,16646573879907590399509196024616451507181138714942166530960518507274707557048,234,MSG_GET,receive
,30785878097002911169928081224865046996305996365267590437657074154186957111437,6842850380191459018205941524238530656413658729157723726603175504249655620495,355,MSG_GET,receive
,45181904661908718455410778292134478731360323933496910893633573989877944433026,16646573879907590399509196024616451507181138714942166530960518507274707557048,235,MSG_GET,receive
,53136523427784306876104111926216060684054468193485696935130628656115512322012,6842850380191459018205941524238530656413658729157723726603175504249655620495,356,MSG_GET,receive
,50624224905935046284280632570062171400083693191267718494135709787318191402780,89333137326635079115430978578397364590151192892532202457099489458922729533182,115,MSG_GET,receive
,32116026471989151009578357604780935852283776142591987954357274048575843047302,16646573879907590399509196024616451507181138714942166530960518507274707557048,236,MSG_GET,receive
,53361331161743896077078469861579638670051149682413463443234311020456303226868,6842850380191459018205941524238530656413658729157723726603175504249655620495,357,MSG_GET,receive
,53419674511685754302540162400396459817063132523141097549792039196438525535419,89333137326635079115430978578397364590151192892532202457099489458922729533182,116,MSG_FIND_DIST,receive
,45542020764775640644043013206961877539493218695272498323305395006595314651985,16646573879907590399509196024616451507181138714942166530960518507274707557048,237,MSG_GET,receive
,56559387814334441412492971762632785811474826849429050294240973483603606408466,6842850380191459018205941524238530656413658729157723726603175504249655620495,358,MSG_GET,receive
,29308574970721985869976997856287738428258479188150243391593906286368022866842,89333137326635079115430978578397364590151192892532202457099489458922729533182,117,MSG_FIND_DIST,receive
,29962974551556264107139565618776234242877499069272742507795436497718761004129,16646573879907590399509196024616451507181138714942166530960518507274707557048,238,MSG_GET,receive
,29308574970721985869976997856287738428258479188150243391593906286368022866842,6842850380191459018205941524238530656413658729157723726603175504249655620495,359,MSG_GET,receive
,53419674511685754302540162400396459817063132523141097549792039196438525535419,53419674511685754302540162400396459817063132523141097549792039196438525535419,118,MSG_RESPONSE,receive
,31783015179489967560239444859659910659306992864071359414512705489668604703546,16646573879907590399509196024616451507181138714942166530960518507274707557048,239,MSG_GET,receive
,29308574970721985869976997856287738428258479188150243391593906286368022866842,29308574970721985869976997856287738428258479188150243391593906286368022866842,119,MSG_RESPONSE,receive
,29962974551556264107139565618776234242877499069272742507795436497718761004129,107226767459581317767844583912817849269583998434099643520621297707898981728768,10,MSG_PUT,receive
,31783015179489967560239444859659910659306992864071359414512705489668604703546,107226767459581317767844583912817849269583998434099643520621297707898981728768,11,MSG_PUT,receive
,52650371567150852017918632267483616888403576496075921191124939178632538837825,107226767459581317767844583912817849269583998434099643520621297707898981728768,12,MSG_PUT,receive
,30785878097002911169928081224865046996305996365267590437657074154186957111437,107226767459581317767844583912817849269583998434099643520621297707898981728768,13,MSG_PUT,receive
,53136523427784306876104111926216060684054468193485696935130628656115512322012,107226767459581317767844583912817849269583998434099643520621297707898981728768,14,MSG_PUT,receive
,53361331161743896077078469861579638670051149682413463443234311020456303226868,107226767459581317767844583912817849269583998434099643520621297707898981728768,15,MSG_PUT,receive
,56559387814334441412492971762632785811474826849429050294240973483603606408466,107226767459581317767844583912817849269583998434099643520621297707898981728768,16,MSG_PUT,receive
,29308574970721985869976997856287738428258479188150243391593906286368022866842,107226767459581317767844583912817849269583998434099643520621297707898981728768,17,MSG_PUT,receive
,48121687976714306096688386195195848836439715862380011548457932545876468136739,107226767459581317767844583912817849269583998434099643520621297707898981728768,18,MSG_PUT,receive
,33748437612422773219378968224765130741693226654183676333640231977266549442093,107226767459581317767844583912817849269583998434099643520621297707898981728768,19,MSG_PUT,receive
,33748437612422773219378968224765130741693226654183676333640231977266549442093,6842850380191459018205941524238530656413658729157723726603175504249655620495,360,MSG_GET,receive
,52650371567150852017918632267483616888403576496075921191124939178632538837825,16646573879907590399509196024616451507181138714942166530960518507274707557048,240,MSG_GET,receive
,48121687976714306096688386195195848836439715862380011548457932545876468136739,6842850380191459018205941524238530656413658729157723726603175504249655620495,361,MSG_GET,receive
,50624224905935046284280632570062171400083693191267718494135709787318191402780,89333137326635079115430978578397364590151192892532202457099489458922729533182,120,MSG_GET,receive
,30785878097002911169928081224865046996305996365267590437657074154186957111437,16646573879907590399509196024616451507181138714942166530960518507274707557048,241,MSG_GET,receive
,50257864748696071111545604552366529653683846146637534008155069048676665739852,6842850380191459018205941524238530656413658729157723726603175504249655620495,362,MSG_GET,receive
,45181904661908718455410778292134478731360323933496910893633573989877944433026,89333137326635079115430978578397364590151192892532202457099489458922729533182,121,MSG_GET,receive
,53136523427784306876104111926216060684054468193485696935130628656115512322012,16646573879907590399509196024616451507181138714942166530960518507274707557048,242,MSG_GET,receive
,53419674511685754302540162400396459817063132523141097549792039196438525535419,6842850380191459018205941524238530656413658729157723726603175504249655620495,363,MSG_GET,receive
,45542020764775640644043013206961877539493218695272498323305395006595314651985,89333137326635079115430978578397364590151192892532202457099489458922729533182,122,MSG_GET,receive
,53361331161743896077078469861579638670051149682413463443234311020456303226868,16646573879907590399509196024616451507181138714942166530960518507274707557048,243,MSG_GET,receive
,50624224905935046284280632570062171400083693191267718494135709787318191402780,6842850380191459018205941524238530656413658729157723726603175504249655620495,364,MSG_GET,receive
,32116026471989151009578357604780935852283776142591987954357274048575843047302,89333137326635079115430978578397364590151192892532202457099489458922729533182,123,MSG_GET,receive
,56559387814334441412492971762632785811474826849429050294240973483603606408466,16646573879907590399509196024616451507181138714942166530960518507274707557048,244,MSG_GET,receive
,45181904661908718455410778292134478731360323933496910893633573989877944433026,6842850380191459018205941524238530656413658729157723726603175504249655620495,365,MSG_GET,receive
,29962974551556264107139565618776234242877499069272742507795436497718761004129,89333137326635079115430978578397364590151192892532202457099489458922729533182,124,MSG_GET,receive
,29308574970721985869976997856287738428258479188150243391593906286368022866842,16646573879907590399509196024616451507181138714942166530960518507274707557048,245,MSG_GET,receive
,32116026471989151009578357604780935852283776142591987954357274048575843047302,6842850380191459018205941524238530656413658729157723726603175504249655620495,366,MSG_GET,receive
,31783015179489967560239444859659910659306992864071359414512705489668604703546,89333137326635079115430978578397364590151192892532202457099489458922729533182,125,MSG_GET,receive
,33748437612422773219378968224765130741693226654183676333640231977266549442093,16646573879907590399509196024616451507181138714942166530960518507274707557048,246,MSG_GET,receive
,45542020764775640644043013206961877539493218695272498323305395006595314651985,6842850380191459018205941524238530656413658729157723726603175504249655620495,367,MSG_GET,receive
,36093602753225695073056342998991212823352056071849651795082108548812171441038,89333137326635079115430978578397364590151192892532202457099489458922729533182,126,MSG_GET,receive
,48121687976714306096688386195195848836439715862380011548457932545876468136739,16646573879907590399509196024616451507181138714942166530960518507274707557048,247,MSG_GET,receive
,43568084745305296127223125163439810702938064612217787378858319248651442968139,6842850380191459018205941524238530656413658729157723726603175504249655620495,368,MSG_GET,receive
,30785878097002911169928081224865046996305996365267590437657074154186957111437,89333137326635079115430978578397364590151192892532202457099489458922729533182,127,MSG_GET,receive
,53419674511685754302540162400396459817063132523141097549792039196438525535419,16646573879907590399509196024616451507181138714942166530960518507274707557048,248,MSG_GET,receive
,29962974551556264107139565618776234242877499069272742507795436497718761004129,6842850380191459018205941524238530656413658729157723726603175504249655620495,369,MSG_GET,receive
,56559387814334441412492971762632785811474826849429050294240973483603606408466,89333137326635079115430978578397364590151192892532202457099489458922729533182,128,MSG_GET,receive
,50257864748696071111545604552366529653683846146637534008155069048676665739852,16646573879907590399509196024616451507181138714942166530960518507274707557048,249,MSG_GET,receive
,34193150309944160930984138949035905471541865820819119492245752871851783559564,89333137326635079115430978578397364590151192892532202457099489458922729533182,129,MSG_GET,receive
,50257864748696071111545604552366529653683846146637534008155069048676665739852,107226767459581317767844583912817849269583998434099643520621297707898981728768,20,MSG_PUT,receive
,53419674511685754302540162400396459817063132523141097549792039196438525535419,107226767459581317767844583912817849269583998434099643520621297707898981728768,21,MSG_PUT,receive
,50624224905935046284280632570062171400083693191267718494135709787318191402780,107226767459581317767844583912817849269583998434099643520621297707898981728768,22,MSG_PUT,receive
,45181904661908718455410778292134478731360323933496910893633573989877944433026,107226767459581317767844583912817849269583998434099643520621297707898981728768,23,MSG_PUT,receive
,45542020764775640644043013206961877539493218695272498323305395006595314651985,107226767459581317767844583912817849269583998434099643520621297707898981728768,24,MSG_PUT,receive
,32116026471989151009578357604780935852283776142591987954357274048575843047302,107226767459581317767844583912817849269583998434099643520621297707898981728768,25,MSG_PUT,receive
,29962974551556264107139565618776234242877499069272742507795436497718761004129,107226767459581317767844583912817849269583998434099643520621297707898981728768,26,MSG_PUT,receive
,31783015179489967560239444859659910659306992864071359414512705489668604703546,107226767459581317767844583912817849269583998434099643520621297707898981728768,27,MSG_PUT,receive
,52650371567150852017918632267483616888403576496075921191124939178632538837825,107226767459581317767844583912817849269583998434099643520621297707898981728768,28,MSG_PUT,receive
,30785878097002911169928081224865046996305996365267590437657074154186957111437,107226767459581317767844583912817849269583998434099643520621297707898981728768,29,MSG_PUT,receive
,31783015179489967560239444859659910659306992864071359414512705489668604703546,6842850380191459018205941524238530656413658729157723726603175504249655620495,370,MSG_GET,receive
,50624224905935046284280632570062171400083693191267718494135709787318191402780,16646573879907590399509196024616451507181138714942166530960518507274707557048,250,MSG_GET,receive
,52650371567150852017918632267483616888403576496075921191124939178632538837825,6842850380191459018205941524238530656413658729157723726603175504249655620495,371,MSG_GET,receive
,29308574970721985869976997856287738428258479188150243391593906286368022866842,89333137326635079115430978578397364590151192892532202457099489458922729533182,130,MSG_GET,receive
,45181904661908718455410778292134478731360323933496910893633573989877944433026,16646573879907590399509196024616451507181138714942166530960518507274707557048,251,MSG_GET,receive
,30785878097002911169928081224865046996305996365267590437657074154186957111437,6842850380191459018205941524238530656413658729157723726603175504249655620495,372,MSG_GET,receive
,41981545854787609518927248687246148542318663971136116143294042908482595926591,89333137326635079115430978578397364590151192892532202457099489458922729533182,131,MSG_GET,receive
,32116026471989151009578357604780935852283776142591987954357274048575843047302,16646573879907590399509196024616451507181138714942166530960518507274707557048,252,MSG_GET,receive
,53136523427784306876104111926216060684054468193485696935130628656115512322012,6842850380191459018205941524238530656413658729157723726603175504249655620495,373,MSG_GET,receive
,48121687976714306096688386195195848836439715862380011548457932545876468136739,89333137326635079115430978578397364590151192892532202457099489458922729533182,132,MSG_GET,receive
,45542020764775640644043013206961877539493218695272498323305395006595314651985,16646573879907590399509196024616451507181138714942166530960518507274707557048,253,MSG_GET,receive
,53361331161743896077078469861579638670051149682413463443234311020456303226868,6842850380191459018205941524238530656413658729157723726603175504249655620495,374,MSG_GET,receive
,33748437612422773219378968224765130741693226654183676333640231977266549442093,89333137326635079115430978578397364590151192892532202457099489458922729533182,133,MSG_GET,receive
,43568084745305296127223125163439810702938064612217787378858319248651442968139,16646573879907590399509196024616451507181138714942166530960518507274707557048,254,MSG_GET,receive
,56559387814334441412492971762632785811474826849429050294240973483603606408466,6842850380191459018205941524238530656413658729157723726603175504249655620495,375,MSG_GET,receive
,53419674511685754302540162400396459817063132523141097549792039196438525535419,89333137326635079115430978578397364590151192892532202457099489458922729533182,134,MSG_GET,receive
,29962974551556264107139565618776234242877499069272742507795436497718761004129,16646573879907590399509196024616451507181138714942166530960518507274707557048,255,MSG_GET,receive
,29308574970721985869976997856287738428258479188150243391593906286368022866842,6842850380191459018205941524238530656413658729157723726603175504249655620495,376,MSG_GET,receive
,15816423376537687498175658716381325840356423323453352469729329490184209416980,89333137326635079115430978578397364590151192892532202457099489458922729533182,135,MSG_GET,receive
,31783015179489967560239444859659910659306992864071359414512705489668604703546,16646573879907590399509196024616451507181138714942166530960518507274707557048,256,MSG_GET,receive
,48121687976714306096688386195195848836439715862380011548457932545876468136739,6842850380191459018205941524238530656413658729157723726603175504249655620495,377,MSG_GET,receive
,50624224905935046284280632570062171400083693191267718494135709787318191402780,89333137326635079115430978578397364590151192892532202457099489458922729533182,136,MSG_GET,receive
,52650371567150852017918632267483616888403576496075921191124939178632538837825,16646573879907590399509196024616451507181138714942166530960518507274707557048,257,MSG_GET,receive
,50257864748696071111545604552366529653683846146637534008155069048676665739852,6842850380191459018205941524238530656413658729157723726603175504249655620495,378,MSG_GET,receive
,45181904661908718455410778292134478731360323933496910893633573989877944433026,89333137326635079115430978578397364590151192892532202457099489458922729533182,137,MSG_GET,receive
,30785878097002911169928081224865046996305996365267590437657074154186957111437,16646573879907590399509196024616451507181138714942166530960518507274707557048,258,MSG_GET,receive
,53419674511685754302540162400396459817063132523141097549792039196438525535419,6842850380191459018205941524238530656413658729157723726603175504249655620495,379,MSG_GET,receive
,45542020764775640644043013206961877539493218695272498323305395006595314651985,89333137326635079115430978578397364590151192892532202457099489458922729533182,138,MSG_GET,receive
,53136523427784306876104111926216060684054468193485696935130628656115512322012,16646573879907590399509196024616451507181138714942166530960518507274707557048,259,MSG_GET,receive
,32116026471989151009578357604780935852283776142591987954357274048575843047302,89333137326635079115430978578397364590151192892532202457099489458922729533182,139,MSG_GET,receive
,53136523427784306876104111926216060684054468193485696935130628656115512322012,107226767459581317767844583912817849269583998434099643520621297707898981728768,30,MSG_PUT,receive
,53361331161743896077078469861579638670051149682413463443234311020456303226868,107226767459581317767844583912817849269583998434099643520621297707898981728768,31,MSG_PUT,receive
,56559387814334441412492971762632785811474826849429050294240973483603606408466,107226767459581317767844583912817849269583998434099643520621297707898981728768,32,MSG_PUT,receive
,29308574970721985869976997856287738428258479188150243391593906286368022866842,107226767459581317767844583912817849269583998434099643520621297707898981728768,33,MSG_PUT,receive
,48121687976714306096688386195195848836439715862380011548457932545876468136739,107226767459581317767844583912817849269583998434099643520621297707898981728768,34,MSG_PUT,receive
,33748437612422773219378968224765130741693226654183676333640231977266549442093,107226767459581317767844583912817849269583998434099643520621297707898981728768,35,MSG_PUT,receive
,50257864748696071111545604552366529653683846146637534008155069048676665739852,107226767459581317767844583912817849269583998434099643520621297707898981728768,36,MSG_PUT,receive
,53419674511685754302540162400396459817063132523141097549792039196438525535419,107226767459581317767844583912817849269583998434099643520621297707898981728768,37,MSG_PUT,receive
,45181904661908718455410778292134478731360323933496910893633573989877944433026,20834994022199432358117239076087879786734224697014068324550418630164266292172,39,MSG_GET,receive
,53361331161743896077078469861579638670051149682413463443234311020456303226868,16646573879907590399509196024616451507181138714942166530960518507274707557048,260,MSG_GET,receive
,50257864748696071111545604552366529653683846146637534008155069048676665739852,79993537289510517617727051112637658078058749620127994120933006366663706350461,381,MSG_GET,receive
,43568084745305296127223125163439810702938064612217787378858319248651442968139,89333137326635079115430978578397364590151192892532202457099489458922729533182,140,MSG_GET,receive
,56559387814334441412492971762632785811474826849429050294240973483603606408466,16646573879907590399509196024616451507181138714942166530960518507274707557048,261,MSG_GET,receive
,52650371567150852017918632267483616888403576496075921191124939178632538837825,79993537289510517617727051112637658078058749620127994120933006366663706350461,382,MSG_FIND_DIST,receive
,29962974551556264107139565618776234242877499069272742507795436497718761004129,89333137326635079115430978578397364590151192892532202457099489458922729533182,141,MSG_GET,receive
,29308574970721985869976997856287738428258479188150243391593906286368022866842,16646573879907590399509196024616451507181138714942166530960518507274707557048,262,MSG_GET,receive
,29962974551556264107139565618776234242877499069272742507795436497718761004129,79993537289510517617727051112637658078058749620127994120933006366663706350461,383,MSG_FIND_DIST,receive
,31783015179489967560239444859659910659306992864071359414512705489668604703546,89333137326635079115430978578397364590151192892532202457099489458922729533182,142,MSG_GET,receive
,48121687976714306096688386195195848836439715862380011548457932545876468136739,16646573879907590399509196024616451507181138714942166530960518507274707557048,263,MSG_GET,receive
,29962974551556264107139565618776234242877499069272742507795436497718761004129,29962974551556264107139565618776234242877499069272742507795436497718761004129,384,MSG_RESPONSE,receive
,52650371567150852017918632267483616888403576496075921191124939178632538837825,89333137326635079115430978578397364590151192892532202457099489458922729533182,143,MSG_GET,receive
,53419674511685754302540162400396459817063132523141097549792039196438525535419,16646573879907590399509196024616451507181138714942166530960518507274707557048,264,MSG_GET,receive
,52650371567150852017918632267483616888403576496075921191124939178632538837825,52650371567150852017918632267483616888403576496075921191124939178632538837825,385,MSG_RESPONSE,receive
,30785878097002911169928081224865046996305996365267590437657074154186957111437,89333137326635079115430978578397364590151192892532202457099489458922729533182,144,MSG_GET,receive
,50257864748696071111545604552366529653683846146637534008155069048676665739852,16646573879907590399509196024616451507181138714942166530960518507274707557048,265,MSG_GET,receive
,50624224905935046284280632570062171400083693191267718494135709787318191402780,79993537289510517617727051112637658078058749620127994120933006366663706350461,386,MSG_GET,receive
,53136523427784306876104111926216060684054468193485696935130628656115512322012,89333137326635079115430978578397364590151192892532202457099489458922729533182,145,MSG_GET,receive
,45181904661908718455410778292134478731360323933496910893633573989877944433026,79993537289510517617727051112637658078058749620127994120933006366663706350461,387,MSG_GET,receive
,56559387814334441412492971762632785811474826849429050294240973483603606408466,89333137326635079115430978578397364590151192892532202457099489458922729533182,146,MSG_GET,receive
,50257864748696071111545604552366529653683846146637534008155069048676665739852,65531265861602645054365044404976138351675371044965631563164901232683307247097,267,MSG_GET,receive
,32116026471989151009578357604780935852283776142591987954357274048575843047302,79993537289510517617727051112637658078058749620127994120933006366663706350461,388,MSG_GET,receive
,53361331161743896077078469861579638670051149682413463443234311020456303226868,89333137326635079115430978578397364590151192892532202457099489458922729533182,147,MSG_GET,receive
,53419674511685754302540162400396459817063132523141097549792039196438525535419,65531265861602645054365044404976138351675371044965631563164901232683307247097,268,MSG_FIND_DIST,receive
,45542020764775640644043013206961877539493218695272498323305395006595314651985,79993537289510517617727051112637658078058749620127994120933006366663706350461,389,MSG_GET,receive
,29308574970721985869976997856287738428258479188150243391593906286368022866842,89333137326635079115430978578397364590151192892532202457099489458922729533182,148,MSG_GET,receive
,53361331161743896077078469861579638670051149682413463443234311020456303226868,65531265861602645054365044404976138351675371044965631563164901232683307247097,269,MSG_FIND_DIST,receive
,48121687976714306096688386195195848836439715862380011548457932545876468136739,89333137326635079115430978578397364590151192892532202457099489458922729533182,149,MSG_GET,receive
,43568084745305296127223125163439810702938064612217787378858319248651442968139,20834994022199432358117239076087879786734224697014068324550418630164266292172,40,MSG_FIND_DIST,receive
,45542020764775640644043013206961877539493218695272498323305395006595314651985,20834994022199432358117239076087879786734224697014068324550418630164266292172,41,MSG_FIND_DIST,receive
,43568084745305296127223125163439810702938064612217787378858319248651442968139,43568084745305296127223125163439810702938064612217787378858319248651442968139,42,MSG_RESPONSE,receive
,45542020764775640644043013206961877539493218695272498323305395006595314651985,45542020764775640644043013206961877539493218695272498323305395006595314651985,43,MSG_RESPONSE,receive
,50624224905935046284280632570062171400083693191267718494135709787318191402780,20834994022199432358117239076087879786734224697014068324550418630164266292172,44,MSG_GET,receive
,45181904661908718455410778292134478731360323933496910893633573989877944433026,20834994022199432358117239076087879786734224697014068324550418630164266292172,45,MSG_GET,receive
,32116026471989151009578357604780935852283776142591987954357274048575843047302,20834994022199432358117239076087879786734224697014068324550418630164266292172,46,MSG_GET,receive
,45542020764775640644043013206961877539493218695272498323305395006595314651985,20834994022199432358117239076087879786734224697014068324550418630164266292172,47,MSG_GET,receive
,43568084745305296127223125163439810702938064612217787378858319248651442968139,20834994022199432358117239076087879786734224697014068324550418630164266292172,48,MSG_GET,receive
,29962974551556264107139565618776234242877499069272742507795436497718761004129,20834994022199432358117239076087879786734224697014068324550418630164266292172,49,MSG_GET,receive
,21444763903864228777611728735683311458635985122844023709586719375032296896384,79993537289510517617727051112637658078058749620127994120933006366663706350461,390,MSG_GET,receive
,53361331161743896077078469861579638670051149682413463443234311020456303226868,53361331161743896077078469861579638670051149682413463443234311020456303226868,270,MSG_RESPONSE,receive
,29962974551556264107139565618776234242877499069272742507795436497718761004129,79993537289510517617727051112637658078058749620127994120933006366663706350461,391,MSG_GET,receive
,53419674511685754302540162400396459817063132523141097549792039196438525535419,89333137326635079115430978578397364590151192892532202457099489458922729533182,150,MSG_GET,receive
,53419674511685754302540162400396459817063132523141097549792039196438525535419,53419674511685754302540162400396459817063132523141097549792039196438525535419,271,MSG_RESPONSE,receive
,31783015179489967560239444859659910659306992864071359414512705489668604703546,79993537289510517617727051112637658078058749620127994120933006366663706350461,392,MSG_GET,receive
,50257864748696071111545604552366529653683846146637534008155069048676665739852,89333137326635079115430978578397364590151192892532202457099489458922729533182,151,MSG_GET,receive
,50624224905935046284280632570062171400083693191267718494135709787318191402780,65531265861602645054365044404976138351675371044965631563164901232683307247097,272,MSG_GET,receive
,52650371567150852017918632267483616888403576496075921191124939178632538837825,79993537289510517617727051112637658078058749620127994120933006366663706350461,393,MSG_GET,receive
,45181904661908718455410778292134478731360323933496910893633573989877944433026,65531265861602645054365044404976138351675371044965631563164901232683307247097,273,MSG_GET,receive
,36093602753225695073056342998991212823352056071849651795082108548812171441038,79993537289510517617727051112637658078058749620127994120933006366663706350461,394,MSG_GET,receive
,45181904661908718455410778292134478731360323933496910893633573989877944433026,29962974551556264107139565618776234242877499069272742507795436497718761004129,153,MSG_GET,receive
,32116026471989151009578357604780935852283776142591987954357274048575843047302,65531265861602645054365044404976138351675371044965631563164901232683307247097,274,MSG_GET,receive
,19150908045378431067564625695205388764033357032114725051049053409413073865519,79993537289510517617727051112637658078058749620127994120933006366663706350461,395,MSG_GET,receive
,43568084745305296127223125163439810702938064612217787378858319248651442968139,29962974551556264107139565618776234242877499069272742507795436497718761004129,154,MSG_FIND_DIST,receive
,29962974551556264107139565618776234242877499069272742507795436497718761004129,65531265861602645054365044404976138351675371044965631563164901232683307247097,275,MSG_GET,receive
,27820776498138332344023189078864372079062965680215212399663384517113231097949,79993537289510517617727051112637658078058749620127994120933006366663706350461,396,MSG_GET,receive
,45542020764775640644043013206961877539493218695272498323305395006595314651985,29962974551556264107139565618776234242877499069272742507795436497718761004129,155,MSG_FIND_DIST,receive
,31783015179489967560239444859659910659306992864071359414512705489668604703546,65531265861602645054365044404976138351675371044965631563164901232683307247097,276,MSG_GET,receive
,56559387814334441412492971762632785811474826849429050294240973483603606408466,79993537289510517617727051112637658078058749620127994120933006366663706350461,397,MSG_GET,receive
,43568084745305296127223125163439810702938064612217787378858319248651442968139,43568084745305296127223125163439810702938064612217787378858319248651442968139,156,MSG_RESPONSE,receive
,36093602753225695073056342998991212823352056071849651795082108548812171441038,65531265861602645054365044404976138351675371044965631563164901232683307247097,277,MSG_GET,receive
,38418340655382688823720733462922658279373288790663591115478075961271636980803,79993537289510517617727051112637658078058749620127994120933006366663706350461,398,MSG_GET,receive
,45542020764775640644043013206961877539493218695272498323305395006595314651985,45542020764775640644043013206961877539493218695272498323305395006595314651985,157,MSG_RESPONSE,receive
,30785878097002911169928081224865046996305996365267590437657074154186957111437,65531265861602645054365044404976138351675371044965631563164901232683307247097,278,MSG_GET,receive
,954402066555953299572824501884848134468269134543846024226189795442928926569,79993537289510517617727051112637658078058749620127994120933006366663706350461,399,MSG_GET,receive
,50624224905935046284280632570062171400083693191267718494135709787318191402780,29962974551556264107139565618776234242877499069272742507795436497718761004129,158,MSG_GET,receive
,53136523427784306876104111926216060684054468193485696935130628656115512322012,65531265861602645054365044404976138351675371044965631563164901232683307247097,279,MSG_GET,receive
,45181904661908718455410778292134478731360323933496910893633573989877944433026,29962974551556264107139565618776234242877499069272742507795436497718761004129,159,MSG_GET,receive
,31783015179489967560239444859659910659306992864071359414512705489668604703546,20834994022199432358117239076087879786734224697014068324550418630164266292172,50,MSG_GET,receive
,36093602753225695073056342998991212823352056071849651795082108548812171441038,20834994022199432358117239076087879786734224697014068324550418630164266292172,51,MSG_GET,receive
,30785878097002911169928081224865046996305996365267590437657074154186957111437,20834994022199432358117239076087879786734224697014068324550418630164266292172,52,MSG_GET,receive
,53136523427784306876104111926216060684054468193485696935130628656115512322012,20834994022199432358117239076087879786734224697014068324550418630164266292172,53,MSG_GET,receive
,29308574970721985869976997856287738428258479188150243391593906286368022866842,20834994022199432358117239076087879786734224697014068324550418630164266292172,54,MSG_GET,receive
,34193150309944160930984138949035905471541865820819119492245752871851783559564,20834994022199432358117239076087879786734224697014068324550418630164266292172,55,MSG_GET,receive
,38418340655382688823720733462922658279373288790663591115478075961271636980803,20834994022199432358117239076087879786734224697014068324550418630164266292172,56,MSG_GET,receive
,41981545854787609518927248687246148542318663971136116143294042908482595926591,20834994022199432358117239076087879786734224697014068324550418630164266292172,57,MSG_GET,receive
,33748437612422773219378968224765130741693226654183676333640231977266549442093,20834994022199432358117239076087879786734224697014068324550418630164266292172,58,MSG_GET,receive
,53419674511685754302540162400396459817063132523141097549792039196438525535419,20834994022199432358117239076087879786734224697014068324550418630164266292172,59,MSG_GET,receive
,53361331161743896077078469861579638670051149682413463443234311020456303226868,65531265861602645054365044404976138351675371044965631563164901232683307247097,280,MSG_GET,receive
,32116026471989151009578357604780935852283776142591987954357274048575843047302,29962974551556264107139565618776234242877499069272742507795436497718761004129,160,MSG_GET,receive
,56559387814334441412492971762632785811474826849429050294240973483603606408466,65531265861602645054365044404976138351675371044965631563164901232683307247097,281,MSG_GET,receive
,45542020764775640644043013206961877539493218695272498323305395006595314651985,29962974551556264107139565618776234242877499069272742507795436497718761004129,161,MSG_GET,receive
,34193150309944160930984138949035905471541865820819119492245752871851783559564,65531265861602645054365044404976138351675371044965631563164901232683307247097,282,MSG_GET,receive
,43568084745305296127223125163439810702938064612217787378858319248651442968139,29962974551556264107139565618776234242877499069272742507795436497718761004129,162,MSG_GET,receive
,29308574970721985869976997856287738428258479188150243391593906286368022866842,65531265861602645054365044404976138351675371044965631563164901232683307247097,283,MSG_GET,receive
,31783015179489967560239444859659910659306992864071359414512705489668604703546,29962974551556264107139565618776234242877499069272742507795436497718761004129,163,MSG_GET,receive
,48121687976714306096688386195195848836439715862380011548457932545876468136739,65531265861602645054365044404976138351675371044965631563164901232683307247097,284,MSG_GET,receive
,52650371567150852017918632267483616888403576496075921191124939178632538837825,29962974551556264107139565618776234242877499069272742507795436497718761004129,164,MSG_GET,receive
,33748437612422773219378968224765130741693226654183676333640231977266549442093,65531265861602645054365044404976138351675371044965631563164901232683307247097,285,MSG_GET,receive
,30785878097002911169928081224865046996305996365267590437657074154186957111437,29962974551556264107139565618776234242877499069272742507795436497718761004129,165,MSG_GET,receive
,50257864748696071111545604552366529653683846146637534008155069048676665739852,65531265861602645054365044404976138351675371044965631563164901232683307247097,286,MSG_GET,receive
,53136523427784306876104111926216060684054468193485696935130628656115512322012,29962974551556264107139565618776234242877499069272742507795436497718761004129,166,MSG_GET,receive
,53419674511685754302540162400396459817063132523141097549792039196438525535419,65531265861602645054365044404976138351675371044965631563164901232683307247097,287,MSG_GET,receive
,53361331161743896077078469861579638670051149682413463443234311020456303226868,29962974551556264107139565618776234242877499069272742507795436497718761004129,167,MSG_GET,receive
,50624224905935046284280632570062171400083693191267718494135709787318191402780,65531265861602645054365044404976138351675371044965631563164901232683307247097,288,MSG_GET,receive
,56559387814334441412492971762632785811474826849429050294240973483603606408466,29962974551556264107139565618776234242877499069272742507795436497718761004129,168,MSG_GET,receive
,45181904661908718455410778292134478731360323933496910893633573989877944433026,65531265861602645054365044404976138351675371044965631563164901232683307247097,289,MSG_GET,receive
,29308574970721985869976997856287738428258479188150243391593906286368022866842,29962974551556264107139565618776234242877499069272742507795436497718761004129,169,MSG_GET,receive
,50624224905935046284280632570062171400083693191267718494135709787318191402780,20834994022199432358117239076087879786734224697014068324550418630164266292172,60,MSG_GET,receive
,45181904661908718455410778292134478731360323933496910893633573989877944433026,20834994022199432358117239076087879786734224697014068324550418630164266292172,61,MSG_GET,receive
,32116026471989151009578357604780935852283776142591987954357274048575843047302,20834994022199432358117239076087879786734224697014068324550418630164266292172,62,MSG_GET,receive
,45542020764775640644043013206961877539493218695272498323305395006595314651985,20834994022199432358117239076087879786734224697014068324550418630164266292172,63,MSG_GET,receive
,43568084745305296127223125163439810702938064612217787378858319248651442968139,20834994022199432358117239076087879786734224697014068324550418630164266292172,64,MSG_GET,receive
,29962974551556264107139565618776234242877499069272742507795436497718761004129,20834994022199432358117239076087879786734224697014068324550418630164266292172,65,MSG_GET,receive
,31783015179489967560239444859659910659306992864071359414512705489668604703546,20834994022199432358117239076087879786734224697014068324550418630164266292172,66,MSG_GET,receive
,36093602753225695073056342998991212823352056071849651795082108548812171441038,20834994022199432358117239076087879786734224697014068324550418630164266292172,67,MSG_GET,receive
,30785878097002911169928081224865046996305996365267590437657074154186957111437,20834994022199432358117239076087879786734224697014068324550418630164266292172,68,MSG_GET,receive
,53136523427784306876104111926216060684054468193485696935130628656115512322012,20834994022199432358117239076087879786734224697014068324550418630164266292172,69,MSG_GET,receive
,32116026471989151009578357604780935852283776142591987954357274048575843047302,65531265861602645054365044404976138351675371044965631563164901232683307247097,290,MSG_GET,receive
,48121687976714306096688386195195848836439715862380011548457932545876468136739,29962974551556264107139565618776234242877499069272742507795436497718761004129,170,MSG_GET,receive
,45542020764775640644043013206961877539493218695272498323305395006595314651985,65531265861602645054365044404976138351675371044965631563164901232683307247097,291,MSG_GET,receive
,33748437612422773219378968224765130741693226654183676333640231977266549442093,29962974551556264107139565618776234242877499069272742507795436497718761004129,171,MSG_GET,receive
,29962974551556264107139565618776234242877499069272742507795436497718761004129,65531265861602645054365044404976138351675371044965631563164901232683307247097,292,MSG_GET,receive
,50257864748696071111545604552366529653683846146637534008155069048676665739852,29962974551556264107139565618776234242877499069272742507795436497718761004129,172,MSG_GET,receive
,31783015179489967560239444859659910659306992864071359414512705489668604703546,65531265861602645054365044404976138351675371044965631563164901232683307247097,293,MSG_GET,receive
,53419674511685754302540162400396459817063132523141097549792039196438525535419,29962974551556264107139565618776234242877499069272742507795436497718761004129,173,MSG_GET,receive
,30785878097002911169928081224865046996305996365267590437657074154186957111437,65531265861602645054365044404976138351675371044965631563164901232683307247097,294,MSG_GET,receive
,50624224905935046284280632570062171400083693191267718494135709787318191402780,29962974551556264107139565618776234242877499069272742507795436497718761004129,174,MSG_GET,receive
,53136523427784306876104111926216060684054468193485696935130628656115512322012,65531265861602645054365044404976138351675371044965631563164901232683307247097,295,MSG_GET,receive
,45181904661908718455410778292134478731360323933496910893633573989877944433026,29962974551556264107139565618776234242877499069272742507795436497718761004129,175,MSG_GET,receive
,53361331161743896077078469861579638670051149682413463443234311020456303226868,65531265861602645054365044404976138351675371044965631563164901232683307247097,296,MSG_GET,receive
,32116026471989151009578357604780935852283776142591987954357274048575843047302,29962974551556264107139565618776234242877499069272742507795436497718761004129,176,MSG_GET,receive
,56559387814334441412492971762632785811474826849429050294240973483603606408466,65531265861602645054365044404976138351675371044965631563164901232683307247097,297,MSG_GET,receive
,45542020764775640644043013206961877539493218695272498323305395006595314651985,29962974551556264107139565618776234242877499069272742507795436497718761004129,177,MSG_GET,receive
,34193150309944160930984138949035905471541865820819119492245752871851783559564,65531265861602645054365044404976138351675371044965631563164901232683307247097,298,MSG_GET,receive
,43568084745305296127223125163439810702938064612217787378858319248651442968139,29962974551556264107139565618776234242877499069272742507795436497718761004129,178,MSG_GET,receive
,29308574970721985869976997856287738428258479188150243391593906286368022866842,65531265861602645054365044404976138351675371044965631563164901232683307247097,299,MSG_GET,receive
,31783015179489967560239444859659910659306992864071359414512705489668604703546,29962974551556264107139565618776234242877499069272742507795436497718761004129,179,MSG_GET,receive
,29308574970721985869976997856287738428258479188150243391593906286368022866842,20834994022199432358117239076087879786734224697014068324550418630164266292172,70,MSG_GET,receive
,34193150309944160930984138949035905471541865820819119492245752871851783559564,20834994022199432358117239076087879786734224697014068324550418630164266292172,71,MSG_GET,receive
,33748437612422773219378968224765130741693226654183676333640231977266549442093,20834994022199432358117239076087879786734224697014068324550418630164266292172,72,MSG_GET,receive
,48121687976714306096688386195195848836439715862380011548457932545876468136739,20834994022199432358117239076087879786734224697014068324550418630164266292172,73,MSG_GET,receive
,53419674511685754302540162400396459817063132523141097549792039196438525535419,20834994022199432358117239076087879786734224697014068324550418630164266292172,74,MSG_GET,receive
,50257864748696071111545604552366529653683846146637534008155069048676665739852,20834994022199432358117239076087879786734224697014068324550418630164266292172,75,MSG_GET,receive
,45181904661908718455410778292134478731360323933496910893633573989877944433026,97396465113567783387408698507103276241308442107028419582667549023377488742385,77,MSG_GET,receive
,43568084745305296127223125163439810702938064612217787378858319248651442968139,97396465113567783387408698507103276241308442107028419582667549023377488742385,78,MSG_FIND_DIST,receive
,48121687976714306096688386195195848836439715862380011548457932545876468136739,97396465113567783387408698507103276241308442107028419582667549023377488742385,79,MSG_FIND_DIST,receive
,52650371567150852017918632267483616888403576496075921191124939178632538837825,29962974551556264107139565618776234242877499069272742507795436497718761004129,180,MSG_GET,receive
,30785878097002911169928081224865046996305996365267590437657074154186957111437,29962974551556264107139565618776234242877499069272742507795436497718761004129,181,MSG_GET,receive
,53136523427784306876104111926216060684054468193485696935130628656115512322012,29962974551556264107139565618776234242877499069272742507795436497718761004129,182,MSG_GET,receive
,53361331161743896077078469861579638670051149682413463443234311020456303226868,29962974551556264107139565618776234242877499069272742507795436497718761004129,183,MSG_GET,receive
,56559387814334441412492971762632785811474826849429050294240973483603606408466,29962974551556264107139565618776234242877499069272742507795436497718761004129,184,MSG_GET,receive
,29308574970721985869976997856287738428258479188150243391593906286368022866842,29962974551556264107139565618776234242877499069272742507795436497718761004129,185,MSG_GET,receive
,48121687976714306096688386195195848836439715862380011548457932545876468136739,29962974551556264107139565618776234242877499069272742507795436497718761004129,186,MSG_GET,receive
,33748437612422773219378968224765130741693226654183676333640231977266549442093,29962974551556264107139565618776234242877499069272742507795436497718761004129,187,MSG_GET,receive
,50257864748696071111545604552366529653683846146637534008155069048676665739852,29962974551556264107139565618776234242877499069272742507795436497718761004129,188,MSG_GET,receive
,53419674511685754302540162400396459817063132523141097549792039196438525535419,29962974551556264107139565618776234242877499069272742507795436497718761004129,189,MSG_GET,receive
,48121687976714306096688386195195848836439715862380011548457932545876468136739,48121687976714306096688386195195848836439715862380011548457932545876468136739,80,MSG_RESPONSE,receive
,43568084745305296127223125163439810702938064612217787378858319248651442968139,43568084745305296127223125163439810702938064612217787378858319248651442968139,81,MSG_RESPONSE,receive
,50624224905935046284280632570062171400083693191267718494135709787318191402780,97396465113567783387408698507103276241308442107028419582667549023377488742385,82,MSG_GET,receive
,45181904661908718455410778292134478731360323933496910893633573989877944433026,97396465113567783387408698507103276241308442107028419582667549023377488742385,83,MSG_GET,receive
,45542020764775640644043013206961877539493218695272498323305395006595314651985,97396465113567783387408698507103276241308442107028419582667549023377488742385,84,MSG_GET,receive
,43568084745305296127223125163439810702938064612217787378858319248651442968139,97396465113567783387408698507103276241308442107028419582667549023377488742385,85,MSG_GET,receive
,29962974551556264107139565618776234242877499069272742507795436497718761004129,97396465113567783387408698507103276241308442107028419582667549023377488742385,86,MSG_GET,receive
,31783015179489967560239444859659910659306992864071359414512705489668604703546,97396465113567783387408698507103276241308442107028419582667549023377488742385,87,MSG_GET,receive
,52650371567150852017918632267483616888403576496075921191124939178632538837825,97396465113567783387408698507103276241308442107028419582667549023377488742385,88,MSG_GET,receive
,53136523427784306876104111926216060684054468193485696935130628656115512322012,97396465113567783387408698507103276241308442107028419582667549023377488742385,89,MSG_GET,receive
,45181904661908718455410778292134478731360323933496910893633573989877944433026,70421789635389047983695523996575154748247230649218127786954559401465316856585,191,MSG_GET,receive
,56559387814334441412492971762632785811474826849429050294240973483603606408466,70421789635389047983695523996575154748247230649218127786954559401465316856585,192,MSG_FIND_DIST,receive
,29308574970721985869976997856287738428258479188150243391593906286368022866842,70421789635389047983695523996575154748247230649218127786954559401465316856585,193,MSG_FIND_DIST,receive
,56559387814334441412492971762632785811474826849429050294240973483603606408466,56559387814334441412492971762632785811474826849429050294240973483603606408466,194,MSG_RESPONSE,receive
,29308574970721985869976997856287738428258479188150243391593906286368022866842,29308574970721985869976997856287738428258479188150243391593906286368022866842,195,MSG_RESPONSE,receive
,19191192076126320640924247483532137198489043609278031166569798519948120420409,70421789635389047983695523996575154748247230649218127786954559401465316856585,196,MSG_GET,receive
,50624224905935046284280632570062171400083693191267718494135709787318191402780,70421789635389047983695523996575154748247230649218127786954559401465316856585,197,MSG_GET,receive
,45181904661908718455410778292134478731360323933496910893633573989877944433026,70421789635389047983695523996575154748247230649218127786954559401465316856585,198,MSG_GET,receive
,45542020764775640644043013206961877539493218695272498323305395006595314651985,70421789635389047983695523996575154748247230649218127786954559401465316856585,199,MSG_GET,receive
,53361331161743896077078469861579638670051149682413463443234311020456303226868,97396465113567783387408698507103276241308442107028419582667549023377488742385,90,MSG_GET,receive
,56559387814334441412492971762632785811474826849429050294240973483603606408466,97396465113567783387408698507103276241308442107028419582667549023377488742385,91,MSG_GET,receive
,29308574970721985869976997856287738428258479188150243391593906286368022866842,97396465113567783387408698507103276241308442107028419582667549023377488742385,92,MSG_GET,receive
,38418340655382688823720733462922658279373288790663591115478075961271636980803,97396465113567783387408698507103276241308442107028419582667549023377488742385,93,MSG_GET,receive
,48121687976714306096688386195195848836439715862380011548457932545876468136739,97396465113567783387408698507103276241308442107028419582667549023377488742385,94,MSG_GET,receive
,53419674511685754302540162400396459817063132523141097549792039196438525535419,97396465113567783387408698507103276241308442107028419582667549023377488742385,95,MSG_GET,receive
,50257864748696071111545604552366529653683846146637534008155069048676665739852,97396465113567783387408698507103276241308442107028419582667549023377488742385,96,MSG_GET,receive
,16646573879907590399509196024616451507181138714942166530960518507274707557048,97396465113567783387408698507103276241308442107028419582667549023377488742385,97,MSG_GET,receive
,50624224905935046284280632570062171400083693191267718494135709787318191402780,97396465113567783387408698507103276241308442107028419582667549023377488742385,98,MSG_GET,receive
,45181904661908718455410778292134478731360323933496910893633573989877944433026,97396465113567783387408698507103276241308442107028419582667549023377488742385,99,MSG_GET,receive
